緯度,経度,neme,disp
34.223412,132.653215,aed_1,aed_1
34.21204,132.625289,aed_2,aed_2
34.231887,132.627455,aed_3,aed_3
34.238764,132.626991,aed_4,aed_4
34.300972,132.635272,aed_5,aed_5
34.242478,132.615106,aed_6,aed_6
34.249082,132.594319,aed_7,aed_7
34.233367,132.562094,aed_8,aed_8
34.242271,132.569095,aed_9,aed_9
34.248073,132.571973,aed_10,aed_10
